INSERT INTO TBL_USER VALUES(1,'Abhishek','abhishekmanhas@gmail.com','Abhi@123','9149854515');
INSERT INTO TBL_USER VALUES(2,'Vishal','vidhalsharma345@gmail.com','zO0mTv','9875412546');
INSERT INTO TBL_USER VALUES(3,'Keshav','keshav34555@gmail.com','orangeKhan','6005445785');
INSERT INTO TBL_USER VALUES(4,'Fahran','farhanahmed77@gmail.com','99*#123','7298545123');
INSERT INTO TBL_USER VALUES(5,'Manik','maniksharma6060@gmail.com','sharma%33','8716548457');
INSERT INTO TBL_PRODUCT (product_id,product_name,price,description,category,brand) VALUES(1,'PocoMobile',14000,'Android handset with charger','tech','PocoRedmi');
INSERT INTO TBL_PRODUCT (product_id,product_name,price,description,category,brand) VALUES(2,'VivoBook',39000,'Asus Vivobook 8GB/ 256GB SSD 14 inch screen laptop','tech','Asus');
INSERT INTO TBL_PRODUCT (product_id,product_name,price,description,category,brand) VALUES(3,'HP AMD Windows 10',47890,'HP AMD Windows 10 All-in-one PC 23.8 inches Desktop PC','tech','HP');
INSERT INTO TBL_PRODUCT (product_id,product_name,price,description,category,brand) VALUES(4,'Gym Bag',689,'Puma gym bag for men and women','accessories','Puma');
INSERT INTO TBL_PRODUCT (product_id,product_name,price,description,category,brand) VALUES(5,'Men Shirt',1009,'Raymond men formal wear shirt','clothes','Raymond');
INSERT INTO TBL_ADDRESS (address_id,address_name,landmark,phone_number,zip_code,state,user_id) VALUES(1,'Jammu','Main By-pass road','9149854515','148754','J&K',1);
INSERT INTO TBL_ADDRESS (address_id,address_name,landmark,phone_number,zip_code,state,user_id) VALUES(2,'Delhi','Hall Mark Hotel','9875412546','487541','Delhi',2);
INSERT INTO TBL_ADDRESS (address_id,address_name,landmark,phone_number,zip_code,state,user_id) VALUES(3,'Mumbai','Near Shiva Bridge','6005445785','198754','Maharashtra',3);
INSERT INTO TBL_ADDRESS (address_id,address_name,landmark,phone_number,zip_code,state,user_id) VALUES(4,'Patna','V2 Complex','7298545123','184104','Bihar',4);
INSERT INTO TBL_ADDRESS (address_id,address_name,landmark,phone_number,zip_code,state,user_id) VALUES(5,'Amritsar','Near King Fort','8716548457','451245','Punjab',5);
INSERT INTO TBL_ADDRESS (address_id,address_name,landmark,phone_number,zip_code,state,user_id) VALUES(6,'Panaji','St. Xavier Church','9149854515','965487','Goa',1);
INSERT INTO TBL_ORDER (order_id,user_id,product_id,address_id,product_quantity) VALUES(1,1,1,1,1);
INSERT INTO TBL_ORDER (order_id,user_id,product_id,address_id,product_quantity) VALUES(2,2,2,2,1);
INSERT INTO TBL_ORDER (order_id,user_id,product_id,address_id,product_quantity) VALUES(3,5,3,5,1);
INSERT INTO TBL_ORDER (order_id,user_id,product_id,address_id,product_quantity) VALUES(4,1,4,1,2);
INSERT INTO TBL_ORDER (order_id,user_id,product_id,address_id,product_quantity) VALUES(5,2,5,2,3);
INSERT INTO TBL_ORDER (order_id,user_id,product_id,address_id,product_quantity) VALUES(6,1,1,6,1);
INSERT INTO TBL_ORDER (order_id,user_id,product_id,address_id,product_quantity) VALUES(7,4,2,4,1);
INSERT INTO TBL_ORDER (order_id,user_id,product_id,address_id,product_quantity) VALUES(8,2,3,2,1);
INSERT INTO TBL_ORDER (order_id,user_id,product_id,address_id,product_quantity) VALUES(9,3,4,3,2);
INSERT INTO TBL_ORDER (order_id,user_id,product_id,address_id,product_quantity) VALUES(10,4,5,4,3);